{"loss":2.3875978612264,"_timestamp":1.7267646628849893e+09,"_runtime":783.708149864,"_step":9,"epoch":9,"_wandb":{"runtime":783}}