{"_step":9,"epoch":9,"_wandb":{"runtime":667},"loss":0.014564616709673434,"_timestamp":1.7267635868263736e+09,"_runtime":667.741668035}