{"_timestamp":1.7267655632242153e+09,"_wandb":{"runtime":7},"_runtime":7.403896516,"_step":0,"test_loss":2.3455547876418774,"accuracy":10.1}