{"_runtime":569.171102435,"_step":9,"_wandb":{"runtime":569},"epoch":9,"loss":2.3206698192970583,"_timestamp":1.7267654872381225e+09}